{"count":1,"self":47.030137599999996,"total":50.4806557,"children":{"InitializeActuators":{"count":2,"self":0.0030025,"total":0.0030025,"children":null},"InitializeSensors":{"count":2,"self":0.0040041999999999994,"total":0.0040041999999999994,"children":null},"AgentSendState":{"count":2280,"self":0.1560986,"total":0.2521767,"children":{"CollectObservations":{"count":1140,"self":0.068051199999999992,"total":0.068051199999999992,"children":null},"WriteActionMask":{"count":1140,"self":0.0060054999999999996,"total":0.0060054999999999996,"children":null},"RequestDecision":{"count":1140,"self":0.0220214,"total":0.0220214,"children":null}}},"DecideAction":{"count":2280,"self":2.984088,"total":2.9930954,"children":{"RayPerceptionSensor.Perceive":{"count":2280,"self":0.0090073999999999987,"total":0.0090073999999999987,"children":null}}},"AgentAct":{"count":2280,"self":0.19723939999999998,"total":0.19723939999999998,"children":null}},"gauges":{},"metadata":{"timer_format_version":"0.1.0","start_time_seconds":"1636347657","unity_version":"2020.3.1f1","command_line_arguments":"C:\\Program Files\\Unity\\Hub\\Editor\\2020.3.1f1\\Editor\\Unity.exe -projectpath R:\/Cart -useHub -hubIPC -cloudEnvironment production -hubSessionId e85dcdb0-3dfb-11ec-b793-4b0b6022825f","communication_protocol_version":"1.5.0","com.unity.ml-agents_version":"2.1.0-exp.1","scene_name":"Inference","end_time_seconds":"1636347707"}}