{"count":1,"self":7.3949456,"total":7.6531652999999995,"children":{"InitializeActuators":{"count":16,"self":0.0010008999999999999,"total":0.0010008999999999999,"children":null},"InitializeSensors":{"count":16,"self":0.0040033,"total":0.0040033,"children":null},"AgentSendState":{"count":145,"self":0.0110092,"total":0.21618779999999999,"children":{"CollectObservations":{"count":592,"self":0.1070936,"total":0.1070936,"children":null},"WriteActionMask":{"count":592,"self":0.0020011,"total":0.0020011,"children":null},"RequestDecision":{"count":592,"self":0.0960839,"total":0.0960839,"children":null}}},"DecideAction":{"count":145,"self":0.010007799999999999,"total":0.010007799999999999,"children":null},"AgentAct":{"count":145,"self":0.026019999999999998,"total":0.026019999999999998,"children":null}},"gauges":{},"metadata":{"timer_format_version":"0.1.0","start_time_seconds":"1637548853","unity_version":"2020.3.1f1","command_line_arguments":"C:\\Program Files\\Unity\\Hub\\Editor\\2020.3.1f1\\Editor\\Unity.exe -projectpath R:\/Cart -useHub -hubIPC -cloudEnvironment production -hubSessionId 445188b0-4b25-11ec-960f-8f40f3f91273","communication_protocol_version":"1.5.0","com.unity.ml-agents_version":"2.1.0-exp.1","scene_name":"KartClassic_Training","end_time_seconds":"1637548861"}}